{"cameraMode":{"drawMode":0,"name":"Shaded","section":"Shading Mode"},"sceneLighting":true,"audioPlay":false,"sceneViewState":{"m_AlwaysRefresh":false,"showFog":true,"showSkybox":true,"showFlares":true,"showImageEffects":true,"showParticleSystems":true,"showVisualEffectGraphs":true,"m_FxEnabled":true},"in2DMode":false,"pivot":{"x":-0.14056742191314698,"y":0.1641392707824707,"z":-1.615037441253662},"rotation":{"x":-0.09917327761650086,"y":0.8991779685020447,"z":-0.27107691764831545,"w":-0.32893437147140505},"size":5.449308395385742,"orthographic":false}